INSERT INTO TAG (ID, NAME, DESCRIPTION) VALUES (1, 'Vegan', 'No animal products');
INSERT INTO TAG (ID, NAME, DESCRIPTION) VALUES (2, 'Spicy', 'Hot and spicy');
INSERT INTO TAG (ID, NAME, DESCRIPTION) VALUES (3, 'Gluten-Free', 'No gluten');
INSERT INTO TAG (ID, NAME, DESCRIPTION) VALUES (4, 'Kids', 'Suitable for children');
INSERT INTO TAG (ID, NAME, DESCRIPTION) VALUES (5, 'Special', 'Chefs special');

INSERT INTO CATEGORY (ID, NAME, DESCRIPTION) VALUES (1, 'Drinks', 'All types of beverages');
INSERT INTO CATEGORY (ID, NAME, DESCRIPTION) VALUES (2, 'Starters', 'Appetizers');
INSERT INTO CATEGORY (ID, NAME, DESCRIPTION) VALUES (3, 'Main Dishes', 'Main course meals');
INSERT INTO CATEGORY (ID, NAME, DESCRIPTION) VALUES (4, 'Desserts', 'Sweet dishes');
INSERT INTO CATEGORY (ID, NAME, DESCRIPTION) VALUES (5, 'Specials', 'Limited time specials');

INSERT INTO MENU (ID, NAME, DESCRIPTION) VALUES (1, 'Lunch Menu', 'Daily lunch offerings');
INSERT INTO MENU (ID, NAME, DESCRIPTION) VALUES (2, 'Dinner Menu', 'Evening meals');
INSERT INTO MENU (ID, NAME, DESCRIPTION) VALUES (3, 'Kids Menu', 'For children');
INSERT INTO MENU (ID, NAME, DESCRIPTION) VALUES (4, 'Vegan Menu', 'Plant-based options');
INSERT INTO MENU (ID, NAME, DESCRIPTION) VALUES (5, 'Chef Special Menu', 'Chef curated menu');

INSERT INTO MENU_ITEM (ID, NAME, DESCRIPTION, PRICE, AVAILABLE, CATEGORY_ID) VALUES (1, 'Espresso', 'Strong coffee shot', 8, TRUE, 1);
INSERT INTO MENU_ITEM (ID, NAME, DESCRIPTION, PRICE, AVAILABLE, CATEGORY_ID) VALUES (2, 'Spring Rolls', 'Crispy vegetable rolls', 12, TRUE, 2);
INSERT INTO MENU_ITEM (ID, NAME, DESCRIPTION, PRICE, AVAILABLE, CATEGORY_ID) VALUES (3, 'Spaghetti Bolognese', 'Pasta with meat sauce', 25, TRUE, 3);
INSERT INTO MENU_ITEM (ID, NAME, DESCRIPTION, PRICE, AVAILABLE, CATEGORY_ID) VALUES (4, 'Chocolate Cake', 'Rich dark chocolate', 15, FALSE, 4);
INSERT INTO MENU_ITEM (ID, NAME, DESCRIPTION, PRICE, AVAILABLE, CATEGORY_ID) VALUES (5, 'Grilled Tofu', 'Tofu with herbs', 22, TRUE, 5);

INSERT INTO MENU_CATEGORY (MENU_ID, CATEGORY_ID) VALUES (1, 1);
INSERT INTO MENU_CATEGORY (MENU_ID, CATEGORY_ID) VALUES (1, 2);
INSERT INTO MENU_CATEGORY (MENU_ID, CATEGORY_ID) VALUES (2, 3);
INSERT INTO MENU_CATEGORY (MENU_ID, CATEGORY_ID) VALUES (2, 4);
INSERT INTO MENU_CATEGORY (MENU_ID, CATEGORY_ID) VALUES (5, 5);

INSERT INTO MENUITEM_TAG (MENUITEM_ID, TAG_ID) VALUES (1, 1);
INSERT INTO MENUITEM_TAG (MENUITEM_ID, TAG_ID) VALUES (1, 4);
INSERT INTO MENUITEM_TAG (MENUITEM_ID, TAG_ID) VALUES (2, 1);
INSERT INTO MENUITEM_TAG (MENUITEM_ID, TAG_ID) values (2, 3);
INSERT INTO MENUITEM_TAG (MENUITEM_ID, TAG_ID) VALUES (3, 2);
INSERT INTO MENUITEM_TAG (MENUITEM_ID, TAG_ID) VALUES (4, 4);
INSERT INTO MENUITEM_TAG (MENUITEM_ID, TAG_ID) VALUES (5, 1);
INSERT INTO MENUITEM_TAG (MENUITEM_ID, TAG_ID) VALUES (5, 5);